{
  "collapse-filter": true,
  "search": "",
  "showTags": false,
  "showAttachments": false,
  "hideUnresolved": false,
  "showOrphans": true,
  "collapse-color-groups": true,
  "colorGroups": [
    {
      "query": "",
      "color": {
        "a": 1,
        "rgb": 14048348
      }
    }
  ],
  "collapse-display": true,
  "showArrow": false,
  "textFadeMultiplier": 0,
  "nodeSizeMultiplier": 1,
  "lineSizeMultiplier": 1,
  "collapse-forces": false,
  "centerStrength": 0.104166666666667,
  "repelStrength": 5.52083333333333,
  "linkStrength": 1,
  "linkDistance": 250,
  "scale": 0.6666666666666666,
  "close": true
}