{
  "main": {
    "id": "dd80a92bbca91e54",
    "type": "split",
    "children": [
      {
        "id": "61987dc22b1c6514",
        "type": "tabs",
        "children": [
          {
            "id": "a911c884d7765379",
            "type": "leaf",
            "state": {
              "type": "markdown",
              "state": {
                "file": "★ Hurtownie danych.md",
                "mode": "source",
                "source": false
              }
            }
          },
          {
            "id": "5a5e42d5f83c437b",
            "type": "leaf",
            "state": {
              "type": "markdown",
              "state": {
                "file": "Uwarunkowania realizacyjne Hurtowni Danych.md",
                "mode": "source",
                "source": false
              }
            }
          },
          {
            "id": "67d1dd941e89e0e3",
            "type": "leaf",
            "state": {
              "type": "markdown",
              "state": {
                "file": "Uwarunkowania realizacyjne Hurtowni Danych.md",
                "mode": "source",
                "source": false
              }
            }
          }
        ],
        "currentTab": 2
      },
      {
        "id": "0447cca3d2fd8134",
        "type": "tabs",
        "children": [
          {
            "id": "dfe243d72b40d4a7",
            "type": "leaf",
            "state": {
              "type": "graph",
              "state": {}
            }
          }
        ]
      }
    ],
    "direction": "vertical"
  },
  "left": {
    "id": "3ae9b5a26fec95de",
    "type": "split",
    "children": [
      {
        "id": "57bf991d01226f98",
        "type": "tabs",
        "children": [
          {
            "id": "b9b5a87ab4012f9a",
            "type": "leaf",
            "state": {
              "type": "file-explorer",
              "state": {
                "sortOrder": "alphabetical"
              }
            }
          },
          {
            "id": "6c2a67237732f930",
            "type": "leaf",
            "state": {
              "type": "search",
              "state": {
                "query": "",
                "matchingCase": false,
                "explainSearch": false,
                "collapseAll": false,
                "extraContext": false,
                "sortOrder": "alphabetical"
              }
            }
          },
          {
            "id": "2ccc5b19522b6245",
            "type": "leaf",
            "state": {
              "type": "bookmarks",
              "state": {}
            }
          }
        ]
      }
    ],
    "direction": "horizontal",
    "width": 300
  },
  "right": {
    "id": "9848ee8c413e4adc",
    "type": "split",
    "children": [
      {
        "id": "30d256247823fa77",
        "type": "tabs",
        "children": [
          {
            "id": "e2c369dbd8687640",
            "type": "leaf",
            "state": {
              "type": "backlink",
              "state": {
                "collapseAll": false,
                "extraContext": false,
                "sortOrder": "alphabetical",
                "showSearch": false,
                "searchQuery": "",
                "backlinkCollapsed": false,
                "unlinkedCollapsed": true
              }
            }
          },
          {
            "id": "a047cbd6bafdbf15",
            "type": "leaf",
            "state": {
              "type": "outgoing-link",
              "state": {
                "linksCollapsed": false,
                "unlinkedCollapsed": true
              }
            }
          },
          {
            "id": "73c0143c3a3e9d81",
            "type": "leaf",
            "state": {
              "type": "tag",
              "state": {
                "sortOrder": "frequency",
                "useHierarchy": true
              }
            }
          },
          {
            "id": "3a95b810b707cda2",
            "type": "leaf",
            "state": {
              "type": "outline",
              "state": {}
            }
          },
          {
            "id": "573beda75020e9cb",
            "type": "leaf",
            "state": {
              "type": "juggl_nodes",
              "state": {}
            }
          },
          {
            "id": "3984e88559c2336f",
            "type": "leaf",
            "state": {
              "type": "juggl_style",
              "state": {}
            }
          }
        ]
      }
    ],
    "direction": "horizontal",
    "width": 300,
    "collapsed": true
  },
  "left-ribbon": {
    "hiddenItems": {
      "switcher:Otwórz okno szybkiej zmiany pliku": false,
      "graph:Otwórz graf": false,
      "canvas:Stwórz nowe płótno": false,
      "daily-notes:Otwórz dzisiejszą notatkę": false,
      "templates:Wstaw szablon": false,
      "command-palette:Otwórz paletę poleceń": false,
      "publish:Opublikuj zmiany": false,
      "juggl:Juggl global graph": false
    }
  },
  "active": "dfe243d72b40d4a7",
  "lastOpenFiles": [
    "Strategiczny.md",
    "Uwarunkowania realizacyjne Hurtowni Danych.md",
    "Przetwarzanie analityczne.md",
    "Modele danych.md",
    "Operacje na danych.md",
    "Pasted image 20240603203000.png",
    "Pasted image 20240603202923.png",
    "★ Hurtownie danych.md",
    "Kategorie analizowanych danych.md",
    "Typy HD.md",
    "Schematy pojęciowe.md",
    "images/Pasted image 20240603201808.png",
    "images/Pasted image 20240603201711.png",
    "images/Pasted image 20240603201623.png",
    "Wielowymiarowy model danych.md",
    "images/Pasted image 20240603201122.png",
    "Miary i wymiary w modelu OLAP.md",
    "Schemat logiczny HD.md",
    "Implementacja HD.md",
    "Narzędzia do tworzenia i eksploracji HD.md",
    "Charakterystyka źródeł danych HD.md",
    "ETL w architekturze HD.md",
    "images/Pasted image 20240603193746.png",
    "Cele stosowania HD.md",
    "Oczekiwanie klientów HD.md",
    "Przykłady aplikacji analitycznych.md",
    "Adresaci HD.md",
    "OLTP vs OLAP.md",
    "Projektowanie Hurtowni Danych.md",
    "Definicja Hurtowni Danych.md",
    "images",
    "images/Pasted image 20240603185755.png",
    "Operacyjny.md",
    "Różnica między terminami Operacyjny a Strategiczny.md"
  ]
}