{
  "main": {
    "id": "19f2dd9e8a2285b3",
    "type": "split",
    "children": [
      {
        "id": "b82a5417c66ddbae",
        "type": "tabs",
        "children": [
          {
            "id": "a4f1826706be07db",
            "type": "leaf",
            "state": {
              "type": "markdown",
              "state": {
                "file": "Rynek pracy w Polsce - Uwarunkowania i tendencje/Bezrobocie/Bezrobocie.md",
                "mode": "source",
                "source": false
              }
            }
          }
        ]
      },
      {
        "id": "1316d2b47a085fe7",
        "type": "tabs",
        "children": [
          {
            "id": "33abb009091c2e12",
            "type": "leaf",
            "state": {
              "type": "graph",
              "state": {}
            }
          }
        ]
      }
    ],
    "direction": "vertical"
  },
  "left": {
    "id": "bf5c1b8f5b3fe475",
    "type": "split",
    "children": [
      {
        "id": "19e7837ac25961f8",
        "type": "tabs",
        "children": [
          {
            "id": "1cc8346d48f9bf58",
            "type": "leaf",
            "state": {
              "type": "file-explorer",
              "state": {
                "sortOrder": "alphabetical"
              }
            }
          },
          {
            "id": "3c4771fe3c0e9b93",
            "type": "leaf",
            "state": {
              "type": "search",
              "state": {
                "query": "",
                "matchingCase": false,
                "explainSearch": false,
                "collapseAll": false,
                "extraContext": false,
                "sortOrder": "alphabetical"
              }
            }
          },
          {
            "id": "c50ffea4f7df7f82",
            "type": "leaf",
            "state": {
              "type": "bookmarks",
              "state": {}
            }
          }
        ]
      }
    ],
    "direction": "horizontal",
    "width": 300
  },
  "right": {
    "id": "5f646faa9e265a73",
    "type": "split",
    "children": [
      {
        "id": "bca257b22f427ddd",
        "type": "tabs",
        "children": [
          {
            "id": "4d0a4a006b0f6c0f",
            "type": "leaf",
            "state": {
              "type": "backlink",
              "state": {
                "file": "Rynek pracy w Polsce - Uwarunkowania i tendencje/Bezrobocie/Bezrobocie.md",
                "collapseAll": false,
                "extraContext": false,
                "sortOrder": "alphabetical",
                "showSearch": false,
                "searchQuery": "",
                "backlinkCollapsed": false,
                "unlinkedCollapsed": true
              }
            }
          },
          {
            "id": "17fe2e356aac1228",
            "type": "leaf",
            "state": {
              "type": "outgoing-link",
              "state": {
                "file": "Rynek pracy w Polsce - Uwarunkowania i tendencje/Bezrobocie/Bezrobocie.md",
                "linksCollapsed": false,
                "unlinkedCollapsed": true
              }
            }
          },
          {
            "id": "50e24c6adb0c5ec3",
            "type": "leaf",
            "state": {
              "type": "tag",
              "state": {
                "sortOrder": "frequency",
                "useHierarchy": true
              }
            }
          },
          {
            "id": "a1fac52c7f483c95",
            "type": "leaf",
            "state": {
              "type": "outline",
              "state": {
                "file": "Rynek pracy w Polsce - Uwarunkowania i tendencje/Bezrobocie/Bezrobocie.md"
              }
            }
          }
        ]
      }
    ],
    "direction": "horizontal",
    "width": 300,
    "collapsed": true
  },
  "left-ribbon": {
    "hiddenItems": {
      "switcher:Otwórz okno szybkiej zmiany pliku": false,
      "graph:Otwórz graf": false,
      "canvas:Stwórz nowe płótno": false,
      "daily-notes:Otwórz dzisiejszą notatkę": false,
      "templates:Wstaw szablon": false,
      "command-palette:Otwórz paletę poleceń": false
    }
  },
  "active": "a4f1826706be07db",
  "lastOpenFiles": [
    "Rynek pracy w Polsce - Uwarunkowania i tendencje/Bezrobocie/Bezrobocie w poszczególnych krajach.md",
    "Rynek pracy w Polsce - Uwarunkowania i tendencje/Bezrobocie/Bezrobocie.md",
    "Rynek pracy w Polsce - Uwarunkowania i tendencje/Bezrobocie/Porównanie Polski i innych krajów w kontekście bezrobocia.md",
    "Rynek pracy w Polsce - Uwarunkowania i tendencje/Bezrobocie/Działania przeciw bezrobociu.md",
    "Rynek pracy w Polsce - Uwarunkowania i tendencje/Bezrobocie/Czynniki wpływające na wzrost bezrobocia w Polsce.md",
    "Rynek pracy w Polsce - Uwarunkowania i tendencje/Bezrobocie/Skutki bezrobocia.md",
    "Rynek pracy w Polsce - Uwarunkowania i tendencje/Bezrobocie/Podział bezrobocia.md",
    "Rynek pracy w Polsce - Uwarunkowania i tendencje/Bezrobocie/Wskaźnik zatrudnienia.md",
    "Rynek pracy w Polsce - Uwarunkowania i tendencje/Bezrobocie/Jak Eurostat i GUS mierzą stopę bezrobocia.md",
    "Rynek pracy w Polsce - Uwarunkowania i tendencje/Rynek pracy w Polsce.md",
    "Rynek pracy w Polsce - Uwarunkowania i tendencje/Bezrobocie",
    "Rynek pracy w Polsce - Uwarunkowania i tendencje/Rynek Pracy w polsce/Równowaga na Rynku Pracy w Polsce.md",
    "Rynek pracy w Polsce - Uwarunkowania i tendencje/Rynek Pracy w polsce",
    "Rynek pracy w Polsce - Uwarunkowania i tendencje/Rynek Pracy w polsce/Popyt na pracę.md",
    "Bez nazwy.md",
    "Rynek pracy w Polsce - Uwarunkowania i tendencje/Rynek Pracy w polsce/Podaż pracy.md",
    "Rynek pracy w Polsce - Uwarunkowania i tendencje/Rynek Pracy w polsce/Podaż.md",
    "Rynek pracy w Polsce - Uwarunkowania i tendencje/Rynek Pracy w polsce/Popyt.md",
    "Rynek pracy w Polsce - Uwarunkowania i tendencje/Rynek Pracy w polsce/Paradoksy.md",
    "Rynek pracy w Polsce - Uwarunkowania i tendencje",
    "Rozwój gospodarczy Polski w świetle podstawowych mierników makroekonomicznych/Wskaźniki Makroekonomiczne/Wskaźniki makroekonomiczne.md",
    "Rozwój gospodarczy Polski w świetle podstawowych mierników makroekonomicznych/Wskaźniki Makroekonomiczne/Wskaźnik HDI/Wskaźnik HDI.md",
    "Rozwój gospodarczy Polski w świetle podstawowych mierników makroekonomicznych/Wskaźniki Makroekonomiczne/Wskaźnik HDI",
    "Rozwój gospodarczy Polski w świetle podstawowych mierników makroekonomicznych/Wskaźniki Makroekonomiczne",
    "Rozwój gospodarczy Polski w świetle podstawowych mierników makroekonomicznych/Wskaźniki Makroekonomiczne/Dochód Narodowy",
    "Rozwój gospodarczy Polski w świetle podstawowych mierników makroekonomicznych/Wskaźniki Makroekonomiczne/Per capita.md",
    "Rozwój gospodarczy Polski w świetle podstawowych mierników makroekonomicznych/Wskaźniki Makroekonomiczne/Dochód Narodowy/Dochód Narodowy.md",
    "Rozwój gospodarczy Polski w świetle podstawowych mierników makroekonomicznych/Wskaźniki Makroekonomiczne/Dochód Narodowy/Czynniki kształtujące Dochód Narodowy Polski.md",
    "Rozwój gospodarczy Polski w świetle podstawowych mierników makroekonomicznych/Wskaźniki Makroekonomiczne/PNB/Produkt narodowy brutto (PNB).md",
    "Rozwój gospodarczy Polski w świetle podstawowych mierników makroekonomicznych/Wskaźniki Makroekonomiczne/PKB/Produkt krajowy brutto (PKB).md",
    "Rozwój gospodarczy Polski w świetle podstawowych mierników makroekonomicznych/Wskaźniki Makroekonomiczne/PNB",
    "Rozwój gospodarczy Polski w świetle podstawowych mierników makroekonomicznych/Wskaźniki Makroekonomiczne/PKB/Rozwój gospodarczy Polski w świetle podstawowych mierników makroekonomicznych.md",
    "Rozwój gospodarczy Polski w świetle podstawowych mierników makroekonomicznych/Wskaźniki Makroekonomiczne/PKB/Mierzenie PKB",
    "Rozwój gospodarczy Polski w świetle podstawowych mierników makroekonomicznych/Wskaźniki Makroekonomiczne/PKB/Mierzenie PKB/Metoda produkcji (wartości dodanej).md",
    "Rozwój gospodarczy Polski w świetle podstawowych mierników makroekonomicznych/Wskaźniki Makroekonomiczne/PKB",
    "Rozwój gospodarczy Polski w świetle podstawowych mierników makroekonomicznych"
  ]
}